 ,Label,slice,Saturated,J.D.-2400000,JD_UTC,JD_SOBS,HJD_UTC,BJD_TDB,AIRMASS,ALT_OBJ,CCD-TEMP,EXPTIME,RAOBJ2K,DECOBJ2K,FWHM_Mean,Source_Radius,Sky_Rad(min),Sky_Rad(max),rel_flux_T1,rel_flux_C2,rel_flux_C3,rel_flux_C4,rel_flux_C5,rel_flux_C6,rel_flux_C7,rel_flux_C8,rel_flux_C9,rel_flux_err_T1,rel_flux_err_C2,rel_flux_err_C3,rel_flux_err_C4,rel_flux_err_C5,rel_flux_err_C6,rel_flux_err_C7,rel_flux_err_C8,rel_flux_err_C9,rel_flux_SNR_T1,rel_flux_SNR_C2,rel_flux_SNR_C3,rel_flux_SNR_C4,rel_flux_SNR_C5,rel_flux_SNR_C6,rel_flux_SNR_C7,rel_flux_SNR_C8,rel_flux_SNR_C9,tot_C_cnts,tot_C_err,X(IJ)_T1,Y(IJ)_T1,X(FITS)_T1,Y(FITS)_T1,RA_T1,DEC_T1,Source-Sky_T1,N_Src_Pixels_T1,Source_Error_T1,Source_AMag_T1,Source_AMag_Err_T1,Source_SNR_T1,Peak_T1,Mean_T1,Sky/Pixel_T1,N_Sky_Pixels_T1,FWHM_T1,Width_T1,X-Width_T1,Y-Width_T1,Angle_T1,Roundness_T1,X(IJ)_C2,Y(IJ)_C2,X(FITS)_C2,Y(FITS)_C2,RA_C2,DEC_C2,Source-Sky_C2,Source_Error_C2,Source_AMag_C2,Source_AMag_Err_C2,Source_SNR_C2,Peak_C2,Mean_C2,Sky/Pixel_C2,FWHM_C2,Width_C2,X-Width_C2,Y-Width_C2,Angle_C2,Roundness_C2,X(IJ)_C3,Y(IJ)_C3,X(FITS)_C3,Y(FITS)_C3,RA_C3,DEC_C3,Source-Sky_C3,Source_Error_C3,Source_AMag_C3,Source_AMag_Err_C3,Source_SNR_C3,Peak_C3,Mean_C3,Sky/Pixel_C3,FWHM_C3,Width_C3,X-Width_C3,Y-Width_C3,Angle_C3,Roundness_C3,X(IJ)_C4,Y(IJ)_C4,X(FITS)_C4,Y(FITS)_C4,RA_C4,DEC_C4,Source-Sky_C4,Source_Error_C4,Source_AMag_C4,Source_AMag_Err_C4,Source_SNR_C4,Peak_C4,Mean_C4,Sky/Pixel_C4,FWHM_C4,Width_C4,X-Width_C4,Y-Width_C4,Angle_C4,Roundness_C4,X(IJ)_C5,Y(IJ)_C5,X(FITS)_C5,Y(FITS)_C5,RA_C5,DEC_C5,Source-Sky_C5,Source_Error_C5,Source_AMag_C5,Source_AMag_Err_C5,Source_SNR_C5,Peak_C5,Mean_C5,Sky/Pixel_C5,FWHM_C5,Width_C5,X-Width_C5,Y-Width_C5,Angle_C5,Roundness_C5,X(IJ)_C6,Y(IJ)_C6,X(FITS)_C6,Y(FITS)_C6,RA_C6,DEC_C6,Source-Sky_C6,Source_Error_C6,Source_AMag_C6,Source_AMag_Err_C6,Source_SNR_C6,Peak_C6,Mean_C6,Sky/Pixel_C6,FWHM_C6,Width_C6,X-Width_C6,Y-Width_C6,Angle_C6,Roundness_C6,X(IJ)_C7,Y(IJ)_C7,X(FITS)_C7,Y(FITS)_C7,RA_C7,DEC_C7,Source-Sky_C7,Source_Error_C7,Source_AMag_C7,Source_AMag_Err_C7,Source_SNR_C7,Peak_C7,Mean_C7,Sky/Pixel_C7,FWHM_C7,Width_C7,X-Width_C7,Y-Width_C7,Angle_C7,Roundness_C7,X(IJ)_C8,Y(IJ)_C8,X(FITS)_C8,Y(FITS)_C8,RA_C8,DEC_C8,Source-Sky_C8,Source_Error_C8,Source_AMag_C8,Source_AMag_Err_C8,Source_SNR_C8,Peak_C8,Mean_C8,Sky/Pixel_C8,FWHM_C8,Width_C8,X-Width_C8,Y-Width_C8,Angle_C8,Roundness_C8,X(IJ)_C9,Y(IJ)_C9,X(FITS)_C9,Y(FITS)_C9,RA_C9,DEC_C9,Source-Sky_C9,Source_Error_C9,Source_AMag_C9,Source_AMag_Err_C9,Source_SNR_C9,Peak_C9,Mean_C9,Sky/Pixel_C9,FWHM_C9,Width_C9,X-Width_C9,Y-Width_C9,Angle_C9,Roundness_C9
1,r_rzcass_1_stacked.new,1.000000,0.000000,58935.695185,2458935.695185,NaN,NaN,0.000000,NaN,NaN,NaN,200.000000,NaN,NaN,3.403286,15.000000,15.000000,25.000000,0.234897,0.184168,0.188594,0.215587,0.040540,0.074491,0.085834,0.020478,0.430717,0.003888,0.004208,0.004279,0.004498,0.003221,0.003443,0.003508,0.003184,0.007087,60.422623,43.761462,44.070651,47.925976,12.586962,21.634551,24.466064,6.431375,60.775460,190070.770938,1716.286521,1044.990410,647.131976,1045.490410,654.368024,2.814838,69.632778,44646.982296,706.858347,619.241978,6.202652,0.017822,72.099412,4265.000000,63.162559,292.448058,1026.000000,3.495348,4.501984,4.727101,4.276866,351.582785,0.989137,1275.773360,1008.283915,1276.273360,293.216085,2.566819,71.289763,29560.819218,607.372370,6.532000,0.022082,48.670010,3931.000000,41.820004,291.969945,3.057771,2.986324,4.303584,1.669064,352.464458,0.415062,1307.116716,404.549341,1307.616716,896.950659,2.596072,68.371112,30158.452222,613.947814,6.629000,0.021881,49.122175,3346.000000,42.665482,300.888592,3.114613,4.610442,5.465512,3.755371,9.644366,0.855661,487.559465,676.845533,488.059465,624.654467,3.333171,69.728140,33709.468554,612.582336,6.579000,0.019553,55.028470,3018.000000,47.689143,291.426977,3.518651,4.910523,4.537789,5.283257,70.790072,0.962884,713.764207,765.497361,714.264207,536.002639,3.125001,70.217999,7405.258072,584.679530,8.230000,0.082508,12.665499,954.000000,10.476297,290.088314,3.420714,6.246671,5.685153,6.808189,55.636243,0.758367,1174.568654,670.633993,1175.068654,630.866007,2.693394,69.708034,13176.978258,597.160966,7.596000,0.048122,22.066041,1573.000000,18.641611,293.997232,3.405046,5.968032,5.732976,6.203088,51.723869,0.885625,1258.991285,542.797660,1259.491285,758.702340,2.626419,69.057953,15024.919682,598.389866,7.330000,0.042402,25.108914,1839.000000,21.255913,297.550401,3.373348,4.862655,4.864717,4.860594,315.163811,0.978017,863.276310,284.592388,863.776310,1016.907612,2.986562,67.903082,3814.091154,592.126304,8.900000,0.156687,6.441347,663.000000,5.395835,299.026268,3.613692,7.495774,8.659444,6.332104,25.347567,0.770923,1141.932014,278.632414,1142.432014,1022.867586,2.748002,67.829872,57220.783778,646.075711,5.945000,0.012190,88.566685,5817.000000,80.950850,301.624756,3.630386,3.350461,3.671126,3.029796,25.828181,0.906519
2,r_rzcass_2_stacked.new,2.000000,0.000000,58935.707164,2458935.707164,NaN,NaN,0.000000,NaN,NaN,NaN,200.000000,NaN,NaN,3.337866,15.000000,15.000000,25.000000,0.237476,0.188123,0.190578,0.221571,0.035597,0.073048,0.084914,0.018310,0.431664,0.007684,0.008641,0.008738,0.009227,0.006604,0.006976,0.007128,0.006540,0.014166,30.904154,21.771483,21.810687,24.014273,5.389889,10.471872,11.912664,2.799678,30.472855,184390.277772,3375.980420,1024.099745,647.789668,1024.599745,653.710332,2.814793,69.632842,43788.266231,706.858347,1168.278778,6.190794,0.034576,37.481008,5095.000000,61.947725,1146.910953,1132.000000,3.555627,4.334597,4.792972,3.876222,354.764624,0.954759,1257.730875,1006.877440,1258.230875,294.622560,2.566533,71.289382,29195.639738,1202.546897,6.532000,0.043824,24.278171,4574.000000,41.303381,1247.087629,3.060002,2.732497,4.229776,1.235217,350.147638,0.198501,1284.156249,403.182018,1284.656249,898.317982,2.595996,68.370872,29515.705809,1212.767864,6.629000,0.043720,24.337474,3956.000000,41.756182,1245.201082,3.211040,4.155451,4.899650,3.411253,15.417616,0.836637,466.732785,681.938037,467.232785,619.561963,3.333681,69.728633,33445.050502,1204.731521,6.579000,0.038422,27.761414,3905.000000,47.315068,1247.570937,3.811091,4.770629,3.956883,5.584375,75.181244,0.854533,693.761024,768.745953,694.261024,532.754047,3.125226,70.218247,6338.155822,1170.519360,8.230000,0.184001,5.414824,1779.000000,8.966656,1179.055806,3.534528,2.155215,1.417646,2.892783,32.517473,-13.953910,1153.789252,670.178277,1154.289252,631.321723,2.693428,69.707781,12552.440471,1176.181712,7.596000,0.097247,10.672195,2376.000000,17.758071,1178.053016,3.387975,3.424827,4.337004,2.512651,34.881651,-1.067817,1237.216775,541.767492,1237.716775,759.732508,2.626387,69.057871,14431.927201,1181.338894,7.330000,0.085424,12.216585,2766.000000,20.417000,1209.615318,3.187898,4.223037,4.493821,3.952253,329.542258,0.930969,839.322353,286.033037,839.822353,1015.466963,2.986167,67.899207,3315.457095,1182.812030,8.900000,0.331255,2.803030,1600.000000,4.690412,1226.031952,3.187303,3.396067,1.074415,5.717718,67.595131,-0.725003,1117.983405,278.611833,1118.483405,1022.888167,2.747614,67.829313,55595.901135,1216.887815,5.945000,0.023508,45.686957,6613.000000,78.652111,1241.133392,3.105333,2.684011,3.253399,2.114622,9.845153,0.814045
3,r_rzcass_3_stacked.new,3.000000,0.000000,58935.714850,2458935.714850,NaN,NaN,0.000000,NaN,NaN,NaN,200.000000,NaN,NaN,3.694622,15.000000,15.000000,25.000000,0.232681,0.186768,0.188325,0.222465,0.035115,0.073826,0.086229,0.018649,0.432252,0.007655,0.008659,0.008680,0.009269,0.006589,0.006987,0.007234,0.006562,0.014242,30.396180,21.568943,21.697259,24.000884,5.329220,10.566259,11.920477,2.842023,30.350883,183642.300643,3372.781453,1021.404369,648.923622,1021.904369,652.576378,2.814770,69.632811,42730.090783,706.858347,1166.323585,6.212941,0.035145,36.636566,4949.000000,60.450713,1147.000884,1119.000000,3.495904,3.466489,3.918980,3.013997,345.659520,0.914390,1255.988545,1007.372722,1256.488545,294.127278,2.566561,71.289216,28900.756627,1203.801684,6.532000,0.044308,24.007905,4588.000000,40.886207,1247.153846,2.863393,2.312316,2.376921,2.247712,2.930725,-323.143624,1280.670418,403.638620,1281.170418,897.861380,2.596006,68.371010,29103.472358,1202.943436,6.629000,0.043974,24.193550,4258.000000,41.172991,1244.753460,3.481105,4.174249,5.064018,3.284479,8.214715,0.819252,464.190884,684.581927,464.690884,616.918073,3.333667,69.728618,33419.409551,1203.117300,6.579000,0.038400,27.777349,4172.000000,47.278793,1249.793543,3.584594,4.838601,4.457655,5.219547,60.698574,0.909768,691.469282,770.763356,691.969282,530.736644,3.125191,70.218151,6229.921168,1163.714376,8.230000,0.185939,5.353480,1747.000000,8.813536,1180.207317,3.474775,4.529501,3.758005,5.300997,31.398012,0.475615,1151.152540,671.004958,1151.652540,630.495042,2.693390,69.707944,12625.416336,1171.846358,7.596000,0.096368,10.773952,2303.000000,17.861310,1177.540395,3.478460,3.998668,5.178616,2.818720,23.738697,0.354799,1234.132999,542.300097,1234.632999,759.199903,2.626409,69.057749,14578.207722,1192.311387,7.330000,0.085355,12.226846,2696.000000,20.623945,1209.578082,3.242673,3.480866,2.372839,4.588892,272.685377,0.662888,835.652761,287.522237,836.152761,1013.977763,2.986102,67.898535,3362.045248,1181.508091,8.900000,0.326980,2.845554,1553.000000,4.756321,1226.472556,2.916334,6.586488,4.524249,8.648728,89.336562,-2.076332,1114.166929,279.502265,1114.666929,1021.997735,2.747621,67.829386,55423.071632,1219.397079,5.945000,0.023629,45.451209,6460.000000,78.407607,1241.065237,3.376494,2.356811,3.327450,1.386173,3.188521,0.497853
4,r_rzcass_4_stacked.new,4.000000,0.000000,58935.719155,2458935.719155,NaN,NaN,0.000000,NaN,NaN,NaN,200.000000,NaN,NaN,3.882309,15.000000,15.000000,25.000000,0.231532,0.187347,0.190426,0.221770,0.034286,0.073571,0.084615,0.019304,0.432877,0.007430,0.008455,0.008498,0.008995,0.006378,0.006772,0.006948,0.006406,0.013889,31.160329,22.157266,22.408683,24.654965,5.375200,10.864060,12.178486,3.013203,31.166964,189051.660901,3375.774542,1014.758132,649.821887,1015.258132,651.678113,2.814808,69.632934,43771.599190,706.858347,1167.194535,6.218314,0.034296,37.501546,5295.000000,61.924146,1143.938448,1090.000000,3.452306,3.560996,3.894276,3.227716,330.824995,0.874948,1250.567660,1007.487102,1251.067660,294.012898,2.566524,71.289408,29829.785383,1209.898546,6.532000,0.043168,24.654782,4860.000000,42.200514,1247.952212,3.445279,2.556409,3.816845,1.295972,356.032797,-0.620036,1273.306397,403.635982,1273.806397,897.864018,2.595968,68.371022,30241.533674,1208.724930,6.629000,0.042551,25.019368,4493.000000,42.783018,1245.547303,3.494567,4.122409,4.884739,3.360079,8.823447,0.859167,457.747721,687.357967,458.247721,614.142033,3.333679,69.728680,34315.768964,1203.313164,6.579000,0.037420,28.517738,4304.000000,48.546882,1255.345638,3.657221,4.536234,4.524559,4.547910,46.519989,0.990578,685.264018,772.867242,685.764018,528.632758,3.125218,70.218738,6266.905681,1160.815779,8.230000,0.184506,5.398708,1750.000000,8.865858,1181.988870,3.431139,5.835447,5.243988,6.426906,21.286610,0.925760,1144.597590,671.435838,1145.097590,630.064162,2.693408,69.707896,12955.596584,1169.539399,7.596000,0.093838,11.077520,2509.000000,18.328420,1175.429081,3.368729,3.508476,5.565949,1.451004,18.063055,-0.167440,1227.200157,542.482886,1227.700157,759.017114,2.626388,69.057844,14748.574733,1181.102859,7.330000,0.083642,12.487121,2797.000000,20.864965,1208.448606,3.098751,3.002521,3.032349,2.972693,316.188799,0.770664,827.831610,288.651712,828.331610,1012.848288,2.986132,67.896915,3580.336992,1186.648975,8.900000,0.310800,3.017183,1621.000000,5.065141,1228.498690,3.654695,6.279221,2.926691,9.631751,87.143521,-0.462773,1106.361785,280.014830,1106.861785,1021.485170,2.747610,67.829329,57113.158890,1226.607234,5.945000,0.023071,46.561896,7193.000000,80.798592,1242.096330,3.643472,3.098792,3.594059,2.603525,8.940255,0.892738
5,r_rzcass_5_stacked.new,5.000000,0.000000,58935.726725,2458935.726725,NaN,NaN,0.000000,NaN,NaN,NaN,200.000000,NaN,NaN,3.966398,15.000000,15.000000,25.000000,0.222630,0.191511,0.187818,0.217725,0.038727,0.069956,0.085019,0.017081,0.437892,0.007445,0.008574,0.008529,0.009151,0.006579,0.006831,0.007038,0.006491,0.014171,29.904806,22.336355,22.021195,23.791247,5.886102,10.241485,12.079922,2.631426,30.901462,186365.379445,3374.109741,967.690800,649.640491,968.190800,651.859509,2.814780,69.632828,41490.450097,706.858347,1166.473626,6.260886,0.035713,35.569128,4995.000000,58.696980,1138.486438,1143.000000,3.551069,4.098461,4.517066,3.679856,337.344735,0.917363,1208.213533,1003.988547,1208.713533,297.511453,2.566507,71.289339,29954.414276,1197.276875,6.532000,0.042552,25.018786,4712.000000,42.376828,1238.482082,3.143744,3.275522,4.712211,1.838832,352.742032,-0.971449,1222.665075,400.176017,1223.165075,901.323983,2.595992,68.370997,29468.146910,1199.957438,6.629000,0.043335,24.557660,4173.000000,41.688900,1235.687826,3.249929,4.623684,5.383774,3.863594,10.863389,0.881243,410.818010,694.621173,411.318010,606.878827,3.333684,69.728606,33321.465295,1221.759922,6.579000,0.039097,27.273333,4208.000000,47.140230,1276.876091,3.656430,4.084120,4.156487,4.011754,41.009769,0.934887,639.697658,777.016579,640.197658,524.483421,3.125260,70.218285,6948.256151,1174.077598,8.230000,0.169513,5.918055,1818.000000,9.829772,1198.792651,3.717639,4.589922,4.557265,4.622579,45.868655,0.779711,1097.742054,669.499180,1098.242054,632.000820,2.693415,69.707764,12185.044581,1168.987876,7.596000,0.099463,10.423585,2387.000000,17.238312,1165.536430,3.265437,2.416706,3.203613,1.629800,38.280569,-5.418444,1178.531399,539.550759,1179.031399,761.949241,2.626389,69.057889,14603.027892,1178.605832,7.330000,0.084273,12.390086,2785.000000,20.659058,1198.591549,3.428521,4.031768,3.719245,4.344291,79.505460,0.972757,775.807148,291.073636,776.307148,1010.426364,2.986090,67.896771,3129.818356,1188.176361,8.900000,0.349407,2.634136,1547.000000,4.427787,1234.522155,4.164638,6.702865,7.157897,6.247834,78.875020,-62.911711,1054.158872,278.833332,1054.658872,1022.666668,2.747606,67.829275,56755.205984,1213.541858,5.945000,0.022971,46.768231,6963.000000,80.292192,1237.620297,3.637865,3.232308,3.989685,2.474931,15.594422,0.730332
6,r_rzcass_6_stacked.new,6.000000,0.000000,58935.735023,2458935.735023,NaN,NaN,0.000000,NaN,NaN,NaN,200.000000,NaN,NaN,3.907438,15.000000,15.000000,25.000000,0.215298,0.194047,0.185328,0.218981,0.039652,0.072805,0.082599,0.017194,0.433259,0.007699,0.009067,0.008867,0.009537,0.006880,0.007162,0.007314,0.006818,0.014655,27.965493,21.400389,20.900653,22.962178,5.763652,10.165811,11.293173,2.521956,29.563337,178084.074181,3369.144546,978.587196,650.515669,979.087196,650.984331,2.814795,69.632847,38341.212680,706.858347,1163.412462,6.297242,0.038146,32.955821,4777.000000,54.241720,1141.395722,1165.000000,3.565256,4.183580,4.701022,3.666138,0.296961,0.940633,1218.920348,1005.047445,1219.420348,296.452555,2.566542,71.289399,28940.755960,1206.756151,6.532000,0.044354,23.982273,4509.000000,40.942794,1239.144256,3.108409,3.316611,4.906861,1.726361,352.929770,0.353473,1233.768296,401.122488,1234.268296,900.377512,2.596028,68.370956,27843.767769,1197.552278,6.629000,0.045721,23.250566,4089.000000,39.390874,1236.921687,3.201356,3.411545,4.436935,2.386155,4.542698,0.688270,421.673701,695.280583,422.173701,606.219417,3.333685,69.728849,31991.456445,1211.242714,6.579000,0.040348,26.412094,4018.000000,45.258653,1270.412014,3.725163,3.615631,4.030752,3.200510,21.190607,0.905863,650.559396,777.741029,651.059396,523.758971,3.125195,70.218306,6792.126433,1171.766104,8.230000,0.172799,5.796487,1766.000000,9.608893,1194.986900,3.653996,6.092138,5.769342,6.414934,53.945649,0.881678,1108.687231,670.462166,1109.187231,631.037834,2.693399,69.707862,12085.537842,1166.356483,7.596000,0.100030,10.361787,2371.000000,17.097539,1168.520572,3.456104,2.841070,4.385723,1.296416,30.414262,-4.975376,1189.564710,540.514026,1190.064710,760.985974,2.626392,69.057895,13587.244435,1174.524881,7.330000,0.090018,11.568290,2674.000000,19.222019,1201.023256,3.510361,2.216510,1.775005,2.658014,282.792200,-7.372198,786.884421,291.755453,787.384421,1009.744547,2.986117,67.896585,3010.265315,1192.392961,8.900000,0.362298,2.524558,1551.000000,4.258654,1232.585778,3.389412,6.735180,5.445606,8.024754,69.973581,-11.507874,1065.329743,279.683304,1065.829743,1021.816696,2.747607,67.829285,53832.919981,1207.849855,5.945000,0.024091,44.569215,6652.000000,76.158003,1237.054077,3.590486,2.539584,3.787014,1.292155,15.120239,0.160759
7,r_rzcass_7_stacked.new,7.000000,0.000000,58935.741944,2458935.741944,NaN,NaN,0.000000,NaN,NaN,NaN,200.000000,NaN,NaN,3.752990,15.000000,15.000000,25.000000,0.198097,0.190505,0.187027,0.217650,0.035970,0.072913,0.085569,0.018031,0.437730,0.007495,0.008983,0.008962,0.009485,0.006834,0.007139,0.007412,0.006771,0.014851,26.429199,21.208201,20.869396,22.946639,5.263733,10.213013,11.544377,2.663028,29.475658,178269.360961,3375.965198,1011.017583,651.238562,1011.517583,650.261438,2.814790,69.632692,35314.587979,706.858347,1156.792609,6.387650,0.040323,30.528020,4336.000000,49.959922,1147.056652,1105.000000,3.515621,3.676505,4.198111,3.154899,341.818789,0.880693,1249.344924,1007.242048,1249.844924,294.257952,2.566519,71.289428,28526.782125,1203.401835,6.532000,0.044862,23.705118,4784.000000,40.357141,1246.636992,3.144928,2.729606,4.076790,1.382422,347.900168,0.242722,1267.747693,403.309037,1268.247693,898.190963,2.595993,68.370904,28088.020079,1209.950223,6.629000,0.045791,23.214195,3954.000000,39.736420,1244.436494,3.105984,3.739339,4.502994,2.975683,5.723229,0.839961,454.201791,692.699210,454.701791,608.800790,3.333672,69.728575,31864.926953,1207.270553,6.579000,0.040375,26.394189,4025.000000,45.079650,1258.405797,3.568548,3.941115,4.181614,3.700617,31.386916,0.929364,682.362379,776.558434,682.862379,524.941566,3.125220,70.218378,6189.723333,1170.389556,8.230000,0.188033,5.288601,1763.000000,8.756667,1186.680531,3.455253,2.995451,1.386583,4.604320,75.799754,-0.859365,1140.990425,671.969806,1141.490425,629.530194,2.693404,69.707802,12114.798894,1163.488451,7.596000,0.099565,10.412479,2260.000000,17.138934,1176.926343,3.434753,3.197369,5.190652,1.204086,20.351194,-1.158283,1222.650105,542.479778,1223.150105,759.020222,2.626397,69.057852,14051.937806,1186.787216,7.330000,0.088031,11.840318,2710.000000,19.879425,1208.066249,3.165385,4.073506,3.650410,4.496601,281.621961,0.949973,821.478455,291.501777,821.978455,1009.998223,2.986135,67.897107,3157.470081,1184.297994,8.900000,0.345818,2.666111,1554.000000,4.466906,1230.064655,2.941867,5.183184,4.969981,5.396386,88.906873,-147.474274,1099.951642,280.884352,1100.451642,1020.615648,2.747619,67.829276,54275.701692,1221.859480,5.945000,0.024171,44.420576,6723.000000,76.784411,1241.183710,3.537130,3.412569,3.888490,2.936647,20.391940,0.869431
8,r_rzcass_8_stacked.new,8.000000,0.000000,58935.749039,2458935.749039,NaN,NaN,0.000000,NaN,NaN,NaN,200.000000,NaN,NaN,3.744458,15.000000,15.000000,25.000000,0.180607,0.186825,0.184970,0.218449,0.040490,0.072825,0.082452,0.021386,0.435333,0.007467,0.009116,0.009025,0.009266,0.006792,0.007354,0.007539,0.006839,0.014882,24.185749,20.494764,20.494699,23.575984,5.961384,9.902976,10.936986,3.127232,29.253289,179768.487626,3428.200673,1281.261506,667.053850,1281.761506,634.446150,2.816257,69.634191,32467.458124,706.858347,1191.108125,6.488007,0.043988,27.258196,4429.000000,45.932057,1214.520870,1168.000000,3.324190,3.566229,3.537400,3.595057,310.915812,0.987054,1498.013166,1038.162771,1498.513166,263.337229,2.567513,71.292330,28298.388612,1245.155448,6.532000,0.046752,22.726792,4794.000000,40.034030,1340.544597,3.110925,2.751058,3.647584,1.854532,348.508231,-2.398780,1554.302552,435.290303,1554.802552,866.209697,2.595922,68.368286,28061.281085,1234.814953,6.629000,0.046756,22.725090,4343.000000,39.698592,1336.103391,3.162297,3.578507,4.402684,2.754329,6.245735,0.799270,723.780930,673.380507,724.280930,628.119493,3.333981,69.731589,32229.647615,1171.986882,6.579000,0.038780,27.500007,4107.000000,45.595624,1171.228070,3.650747,3.737081,2.832847,4.641316,83.355697,0.779346,945.409955,771.282832,945.909955,530.217168,3.126730,70.219858,6995.577674,1166.199998,8.230000,0.167403,5.998609,1826.000000,9.896718,1149.574788,3.545807,5.445619,6.281881,4.609357,16.456246,0.872250,1410.283401,696.003765,1410.783401,605.496235,2.694533,69.708962,12202.910750,1209.903604,7.596000,0.102641,10.085854,2484.000000,17.263587,1257.670546,3.206628,4.060025,4.103993,4.016058,44.321851,0.162885,1500.184798,571.668246,1500.684798,729.831754,2.627039,69.057395,13693.255726,1223.855708,7.330000,0.092945,11.188619,2896.000000,19.371994,1298.967742,3.108788,1.378857,0.755094,2.002620,334.806504,-0.387547,1115.066394,297.481640,1115.566394,1004.018360,2.985366,67.905346,3764.042521,1201.673830,8.900000,0.300818,3.132333,1557.000000,5.325031,1239.915378,3.373139,8.273775,9.194286,7.353265,28.077981,0.844254,1393.722950,302.663502,1394.222950,998.836498,2.747328,67.827977,54523.383644,1240.199414,5.945000,0.024420,43.963401,6955.000000,77.134809,1307.442637,3.464612,3.748668,4.240705,3.256631,2.827047,0.932749
9,r_rzcass_9_stacked.new,9.000000,0.000000,58935.772905,2458935.772905,NaN,NaN,0.000000,NaN,NaN,NaN,200.000000,NaN,NaN,5.443737,15.000000,15.000000,25.000000,0.123728,0.189922,0.186329,0.223292,0.038995,0.077195,0.084428,0.016482,0.423549,0.007285,0.009475,0.009348,0.010123,0.007277,0.007644,0.007762,0.007098,0.015204,16.984528,20.044156,19.932776,22.057338,5.358301,10.099145,10.877263,2.322071,27.858416,170342.085259,3399.198632,981.982421,707.142433,982.482421,594.357567,2.815048,69.632854,21076.129969,706.858347,1167.455421,6.898671,0.062114,18.053049,1869.000000,29.816625,1160.930818,1075.000000,5.672793,5.912949,6.669048,5.156850,352.386410,0.931991,1120.543036,1111.024255,1121.043036,190.475745,2.566751,71.287842,27188.068424,1215.039091,6.532000,0.047469,22.376291,2680.000000,38.463249,1275.023216,5.084491,5.156530,6.559606,3.753454,0.498958,0.743197,1292.527193,534.046471,1293.027193,767.453529,2.596148,68.371705,26754.567801,1204.500031,6.629000,0.047812,22.212177,2469.000000,37.849971,1243.064969,5.358425,5.999731,6.299110,5.700352,28.415097,0.966894,434.852973,604.864990,435.352973,696.635010,3.334148,69.729664,31093.172095,1218.630759,6.579000,0.041740,25.514843,3069.000000,43.987840,1282.590948,4.332771,6.028435,5.933241,6.123629,54.148884,0.989886,633.221727,743.902847,633.721727,557.597153,3.125645,70.218810,6393.150057,1186.646952,8.230000,0.184857,5.387576,1568.000000,9.044457,1213.991935,4.413286,5.291884,5.540079,5.043689,18.078146,0.986562,1101.920097,760.339409,1102.420097,541.160591,2.693715,69.707919,12207.266965,1183.448273,7.596000,0.100463,10.314998,1603.000000,17.269750,1187.914048,5.690476,8.148081,8.124416,8.171746,45.560424,0.911821,1213.634857,656.449304,1214.134857,645.050696,2.626689,69.058070,13261.899742,1189.220188,7.330000,0.093239,11.151761,1717.000000,18.761750,1212.070979,5.538843,4.006442,3.900746,4.112139,310.376640,0.892329,891.277654,313.227329,891.777654,988.272671,2.985417,67.901628,2762.047175,1188.316851,8.900000,0.388515,2.324336,1407.000000,3.907497,1231.856518,4.378192,4.929412,5.315565,4.543260,21.406176,-75.635024,1162.191012,373.363441,1162.691012,928.136559,2.747260,67.829966,50681.913000,1227.732748,5.945000,0.025988,41.280900,4042.000000,71.700240,1243.161860,4.779895,5.599446,5.894060,5.304832,16.712849,0.984191
10,r_rzcass_10_stacked.new,10.000000,0.000000,58935.839005,2458935.839005,NaN,NaN,0.000000,NaN,NaN,NaN,200.000000,NaN,NaN,5.935112,15.000000,15.000000,25.000000,0.091751,0.193975,0.179802,0.218964,0.040025,0.075185,0.087181,0.018538,0.425930,0.007694,0.010298,0.010004,0.010862,0.007824,0.008206,0.008413,0.007701,0.016481,11.925789,18.837119,17.972510,20.159310,5.115950,9.162170,10.362811,2.407236,25.843424,157386.134542,3390.302546,1006.653552,671.525194,1007.153552,629.974806,2.815062,69.633434,14440.345045,706.858347,1170.212690,7.223316,0.087425,12.339932,1610.000000,20.428909,1158.074143,1104.000000,5.682338,6.621668,6.961154,6.282182,324.653870,0.904331,1158.279886,1070.435924,1158.779886,231.064076,2.566660,71.287123,25569.245344,1210.430055,6.532000,0.050218,21.124100,2574.000000,36.173083,1263.303030,5.469692,5.495078,6.319548,4.670607,356.485745,0.912566,1311.505568,488.752365,1312.005568,812.747635,2.596184,68.372360,23985.725304,1206.895328,6.629000,0.053301,19.873907,2282.000000,33.932860,1247.569788,5.501716,5.872599,5.897826,5.847371,324.966216,0.999365,456.488822,586.682005,456.988822,714.817995,3.334175,69.730105,28271.484395,1219.399885,6.579000,0.045848,23.184752,2845.000000,39.995969,1274.123576,4.143150,5.200103,4.554053,5.846153,86.527450,0.939234,659.252874,719.301841,659.752874,582.198159,3.125628,70.219115,6056.925859,1177.070823,8.230000,0.192815,5.145762,1489.000000,8.568797,1202.484581,4.753321,6.701080,7.373932,6.028227,354.158607,0.958783,1128.249935,720.857261,1128.749935,580.642739,2.693750,69.708688,11005.671230,1177.182734,7.596000,0.110331,9.349161,1558.000000,15.569840,1185.203083,5.660089,7.555929,7.780149,7.331710,42.197701,0.631355,1236.568624,613.495187,1237.068624,688.004813,2.626752,69.058782,12620.833456,1186.002187,7.330000,0.097515,10.641493,1683.000000,17.854827,1214.338923,5.391003,6.255971,6.012665,6.499278,294.656819,0.985807,902.871713,279.153583,903.371713,1022.346417,2.986021,67.893286,2864.456489,1188.479078,8.900000,0.376819,2.410187,1409.000000,4.052377,1239.043103,6.215535,4.790065,4.208080,5.372049,52.778990,0.202903,1175.966480,332.441022,1176.466480,969.058978,2.747280,67.830164,47011.792465,1222.758933,5.945000,0.027879,38.447311,4051.000000,66.508081,1248.906703,5.155431,5.914435,6.287447,5.541423,14.027392,0.979732
11,r_rzcass_11_stacked.new,11.000000,0.000000,58935.849051,2458935.849051,NaN,NaN,0.000000,NaN,NaN,NaN,200.000000,NaN,NaN,5.827292,15.000000,15.000000,25.000000,0.112937,0.195216,0.184223,0.216823,0.036507,0.070209,0.086878,0.020204,0.433392,0.008021,0.010586,0.010314,0.011008,0.007946,0.008399,0.008665,0.007914,0.017153,14.079598,18.440747,17.860983,19.695962,4.594502,8.359353,10.026180,2.552797,25.266374,153048.428524,3378.129522,1034.225426,670.805476,1034.725426,630.694524,2.815697,69.632940,17284.876534,706.858347,1166.867377,6.997750,0.074499,14.813060,1667.000000,24.453098,1158.941976,1109.000000,5.868187,6.768271,7.409724,6.126817,4.376247,0.963872,1185.208939,1070.110059,1185.708939,231.389941,2.567374,71.287295,24997.595861,1207.571341,6.532000,0.051222,20.700720,2444.000000,35.364364,1258.976684,5.462882,5.717969,6.834965,4.600973,1.620145,0.857918,1339.505128,488.490444,1340.005128,813.009556,2.596692,68.372249,23808.932386,1199.353334,6.629000,0.053360,19.851475,2345.000000,33.682749,1248.296928,4.771316,6.076256,6.850640,5.301872,20.727450,0.888007,484.639102,584.980131,485.139102,716.519869,3.333270,69.730780,27271.349861,1203.653265,6.579000,0.046893,22.657148,2688.000000,38.581068,1256.367884,4.437920,5.156634,4.478255,5.835014,78.492618,0.921039,686.879404,717.940053,687.379404,583.559947,3.125801,70.218518,5390.609653,1167.552544,8.230000,0.212861,4.617017,1466.000000,7.626153,1189.565217,4.900993,1.879922,3.090458,0.669386,8.953940,0.084673,1155.749286,720.441641,1156.249286,581.058359,2.694479,69.708404,10040.499103,1180.372645,7.596000,0.120678,8.506211,1543.000000,14.204401,1186.561065,5.722601,6.819819,6.282642,7.356996,54.097504,0.748599,1264.341266,613.238220,1264.841266,688.261780,2.627343,69.058593,12233.723923,1188.851636,7.330000,0.100693,10.290371,1678.000000,17.307179,1215.991087,5.868484,6.621845,6.526698,6.716993,77.421089,0.998992,931.518014,279.263522,932.018014,1022.236478,2.985104,67.900580,3030.921709,1185.573346,8.900000,0.358442,2.556503,1379.000000,4.287877,1232.832759,4.066757,5.711226,7.866238,3.556214,22.242690,0.142607,1204.241742,331.836438,1204.741742,969.663562,2.747419,67.831038,46274.796027,1221.020075,5.945000,0.028277,37.898473,3755.000000,65.465445,1248.073940,5.411380,5.615386,6.109178,5.121595,14.760560,0.959776
12,r_rzcass_12_stacked.new,12.000000,0.000000,58935.853750,2458935.853750,NaN,NaN,0.000000,NaN,NaN,NaN,200.000000,NaN,NaN,6.522440,15.000000,15.000000,25.000000,0.126935,0.194192,0.189798,0.220287,0.035894,0.069706,0.089065,0.019694,0.421334,0.007801,0.010233,0.010134,0.010756,0.007771,0.008124,0.008370,0.007665,0.016245,16.271904,18.977593,18.729707,20.480198,4.619155,8.579965,10.641306,2.569414,25.935707,157910.817342,3380.698600,1032.620592,661.559934,1033.120592,639.940066,2.815676,69.633070,20044.382868,706.858347,1154.676841,6.870891,0.064755,17.359301,1781.000000,28.357001,1154.693368,1108.000000,5.840337,5.671523,6.215580,5.127466,348.205507,0.956969,1185.619994,1059.980343,1186.119994,241.519657,2.567407,71.287281,25678.427361,1206.117309,6.532000,0.049836,21.290157,2425.000000,36.327544,1256.526270,5.452646,5.526168,6.233457,4.818879,351.755573,0.931013,1336.960652,477.694428,1337.460652,823.805572,2.596670,68.372484,25190.133450,1203.881182,6.629000,0.050687,20.924103,2366.000000,35.636749,1248.112945,5.804146,6.524885,6.941102,6.108668,0.585424,0.983849,482.399907,578.543762,482.899907,722.956238,3.333302,69.730684,28506.140790,1205.512634,6.579000,0.044971,23.646489,2818.000000,40.327940,1258.834184,4.218032,5.111257,4.613898,5.608616,89.498428,0.962822,685.436399,710.491147,685.936399,591.008853,3.125783,70.218558,5471.714174,1179.098329,8.230000,0.211878,4.640592,1453.000000,7.740892,1187.471507,4.823639,5.698882,4.228886,7.168877,270.172367,-3.274188,1154.403738,710.465663,1154.903738,591.034337,2.694484,69.708144,10290.038515,1178.797355,7.596000,0.117756,8.729268,1543.000000,14.557427,1183.586239,5.992958,5.584315,4.864725,6.303904,51.107669,-0.435524,1262.404624,602.740968,1262.904624,698.759032,2.627374,69.058555,12914.110597,1180.327769,7.330000,0.094958,10.941122,1673.000000,18.269729,1214.026678,6.140953,6.764368,7.025012,6.503725,19.278548,0.990317,927.411431,268.006031,927.911431,1033.493969,2.985948,67.888909,3049.826252,1185.334456,8.900000,0.356487,2.572967,1398.000000,4.314622,1235.921300,9.130028,10.034019,3.927438,16.140601,271.433406,0.209116,1200.859684,321.730305,1201.359684,979.769695,2.747441,67.831101,46810.426203,1222.205367,5.945000,0.027984,38.299968,3759.000000,66.223206,1249.674188,5.471924,5.554722,5.879824,5.229621,15.443977,0.981522
13,r_rzcass_13_stacked.new,13.000000,0.000000,58935.859954,2458935.859954,NaN,NaN,0.000000,NaN,NaN,NaN,200.000000,NaN,NaN,6.240542,15.000000,15.000000,25.000000,0.143285,0.196484,0.182801,0.222141,0.038106,0.074274,0.086727,0.018880,0.419019,0.007758,0.010036,0.009755,0.010577,0.007535,0.007982,0.008132,0.007523,0.015865,18.469224,19.577021,18.739513,21.002814,5.057025,9.305381,10.664810,2.509526,26.411288,161660.379161,3383.047816,1022.450049,648.910310,1022.950049,652.589690,2.815684,69.633209,23163.483774,706.858347,1156.702862,6.739343,0.057250,20.025440,1851.000000,32.769626,1149.603147,1052.000000,5.838552,5.913896,6.071841,5.755951,334.683300,0.992918,1178.203040,1046.042891,1178.703040,255.457109,2.567287,71.286747,26547.548108,1205.463618,6.532000,0.048214,22.022687,2447.000000,37.557098,1249.851304,5.545542,5.640814,6.658488,4.623140,0.978433,0.877741,1325.474056,463.145030,1325.974056,838.354970,2.596613,68.372223,24984.434175,1201.389288,6.629000,0.050992,20.796285,2365.000000,35.345744,1247.533563,5.299672,6.102220,6.829343,5.375096,19.499812,0.908579,471.840637,569.352616,472.340637,732.147384,3.333583,69.731577,29384.023153,1210.313194,6.579000,0.043824,24.278033,2838.000000,41.569889,1263.415808,4.353775,6.030291,5.403255,6.657326,279.556317,0.952589,675.763023,699.839544,676.263023,601.660456,3.125968,70.218499,5934.116434,1167.185062,8.230000,0.194955,5.084126,1464.000000,8.395057,1187.549652,5.093725,3.793286,2.327320,5.259252,79.706479,-1.523191,1144.591478,696.948973,1145.091478,604.551027,2.694459,69.707869,11176.940957,1177.803404,7.596000,0.108777,9.489649,1552.000000,15.812137,1177.819945,5.777158,7.041111,6.619347,7.462876,51.657370,0.731331,1251.794738,588.687487,1252.294738,712.812513,2.627331,69.058719,12901.423802,1178.038167,7.330000,0.094871,10.951618,1698.000000,18.251781,1210.859348,5.893453,6.806644,6.096037,7.517251,297.268503,0.873259,914.852574,257.241886,915.352574,1044.258114,2.985209,67.893054,2995.574587,1192.183828,8.900000,0.363754,2.512678,1400.000000,4.237871,1239.699038,6.602853,8.279805,7.480970,9.078639,287.530314,0.945449,1188.320941,308.100898,1188.820941,993.399102,2.747232,67.830347,47736.317945,1234.932270,5.945000,0.027731,38.655009,3561.000000,67.533075,1249.966730,5.237705,5.787269,6.026317,5.548220,6.162242,0.992874
14,r_rzcass_14_stacked.new,14.000000,0.000000,58935.867789,2458935.867789,NaN,NaN,0.000000,NaN,NaN,NaN,200.000000,NaN,NaN,6.179371,15.000000,15.000000,25.000000,0.163258,0.198094,0.186818,0.217787,0.042015,0.067522,0.085295,0.019906,0.421927,0.008126,0.010290,0.010093,0.010205,0.007444,0.008103,0.008349,0.007475,0.016063,20.090375,19.251609,18.509615,21.340943,5.644246,8.332432,10.216244,2.662939,26.266229,163132.551359,3438.409926,1338.299224,748.759698,1338.799224,552.740302,2.816709,69.634929,26632.660403,706.858347,1200.923828,6.597659,0.052741,22.176811,2195.000000,37.677507,1233.996476,1138.000000,5.857662,6.835340,7.039518,6.631162,337.652080,0.992949,1463.722459,1158.447470,1464.222459,143.052530,2.566392,71.291657,26972.468229,1249.092320,6.532000,0.049151,21.593655,2451.000000,38.158237,1376.594463,5.851563,6.438537,7.000937,5.876136,2.017454,0.969791,1656.711431,587.037095,1657.211431,714.462905,2.596534,68.371404,25678.816136,1251.688299,6.629000,0.051674,20.515344,2473.000000,36.328094,1362.890585,5.105226,6.865535,7.345097,6.385973,9.954991,0.978137,796.094566,626.489861,796.594566,675.010139,3.334602,69.730678,29174.356897,1171.846699,6.579000,0.042758,24.896052,2185.000000,41.273272,1157.086442,5.594621,6.185293,5.643010,6.727575,271.533729,0.969634,988.460749,772.396867,988.960749,529.103133,3.127241,70.219258,6577.713636,1157.416950,8.230000,0.175982,5.683098,1368.000000,9.305561,1154.888988,6.011717,8.203667,7.667294,8.740040,66.044959,0.962265,1456.941019,806.559016,1457.441019,494.940984,2.694733,69.709988,10318.269873,1219.150122,7.596000,0.121255,8.463494,1700.000000,14.597366,1282.297778,5.337771,4.668106,4.777458,4.558754,43.603007,0.077228,1572.910665,706.777088,1573.410665,594.722912,2.627324,69.059323,12820.842261,1224.659118,7.330000,0.099052,10.468907,1812.000000,18.137782,1323.337781,5.485271,6.948664,6.110821,7.786507,275.080738,0.941685,1263.129619,351.390903,1263.629619,950.109097,2.985742,67.901264,3183.898664,1193.909135,8.900000,0.345744,2.666785,1409.000000,4.504295,1256.607993,4.342508,9.674911,8.340927,11.008895,88.386461,0.926534,1531.193514,421.519444,1531.693514,879.980556,2.748384,67.831331,48406.185662,1253.528188,5.945000,0.027758,38.615953,3568.000000,68.480744,1328.919156,5.787460,5.877976,6.166878,5.589074,23.889598,0.978705
15,r_rzcass_15_stacked.new,15.000000,0.000000,58935.881794,2458935.881794,NaN,NaN,0.000000,NaN,NaN,NaN,200.000000,NaN,NaN,5.874136,15.000000,15.000000,25.000000,0.187094,0.193463,0.192321,0.213383,0.039223,0.074564,0.086932,0.020888,0.414760,0.008694,0.010514,0.010551,0.011273,0.008211,0.008461,0.008648,0.008120,0.016779,21.519759,18.400609,18.227776,18.929365,4.776857,8.812586,10.051915,2.572497,24.718354,151480.949503,3387.814524,902.386160,590.326678,902.886160,711.173322,2.814844,69.635763,28341.227610,706.858347,1154.425638,6.449692,0.049316,24.550068,2088.000000,40.094635,1149.865697,1063.000000,5.710963,5.563620,6.163085,4.964154,359.050388,0.954572,1060.981214,985.944866,1061.481214,315.555134,2.566677,71.288086,24555.426905,1184.834903,6.532000,0.051164,20.724767,2253.000000,34.738823,1216.309402,5.741102,5.476468,6.539981,4.412955,352.264763,0.849185,1203.739182,401.982441,1204.239182,899.517559,2.596019,68.374142,24433.799046,1193.757605,6.629000,0.051791,20.467974,2251.000000,34.566755,1230.734254,5.444041,6.454294,7.137047,5.771541,16.064956,0.938960,349.912316,515.279599,350.412316,786.220401,3.334082,69.730052,26639.134180,1235.891912,6.579000,0.049238,21.554582,2919.000000,37.686666,1317.893691,4.194468,4.615035,4.528720,4.701350,59.798896,0.994268,555.698514,644.397813,556.198514,657.102187,3.125335,70.220533,5717.332188,1190.398349,8.230000,0.205355,4.802873,1511.000000,8.088370,1229.871252,4.964511,5.961679,5.611247,6.312112,56.935587,0.916187,1024.830172,637.458291,1025.330172,664.041709,2.693539,69.711131,10511.305272,1168.958262,7.596000,0.114490,8.992028,1478.000000,14.870455,1155.936567,6.044155,7.629545,7.031764,8.227327,56.827656,0.849326,1131.181324,528.113609,1131.681324,773.386391,2.626519,69.060869,12115.354338,1173.184107,7.330000,0.100353,10.326899,1622.000000,17.139720,1192.043783,5.963608,6.371256,6.687388,6.055123,358.403002,0.990170,791.263818,200.185944,791.763818,1101.314056,2.985865,67.897795,3099.465754,1203.029616,8.900000,0.356084,2.576384,1433.000000,4.384847,1267.348052,3.637715,9.876471,9.905883,9.847060,43.553842,0.986068,1065.519600,247.982549,1066.019600,1053.517451,2.747100,67.831585,44409.131819,1230.371735,5.945000,0.029672,36.094077,3527.000000,62.826070,1248.460960,4.987286,5.311677,6.042853,4.580501,11.342054,0.914244
16,r_rzcass_16_stacked.new,16.000000,0.000000,58935.890914,2458935.890914,NaN,NaN,0.000000,NaN,NaN,NaN,200.000000,NaN,NaN,6.289009,15.000000,15.000000,25.000000,0.208231,0.198244,0.188934,0.217055,0.037417,0.076133,0.086665,0.018818,0.412951,0.009414,0.011110,0.010960,0.011926,0.008566,0.008897,0.009075,0.008488,0.017451,22.120059,17.843814,17.238935,18.200087,4.367964,8.557230,9.549490,2.217080,23.662867,144492.433061,3383.068274,907.200023,584.024777,907.700023,717.475223,2.814839,69.635646,30087.780124,706.858347,1163.568115,6.333481,0.048007,25.858203,2084.000000,42.565502,1154.372359,1118.000000,5.754904,6.089513,6.547213,5.631813,349.612005,0.974440,1066.809844,979.176342,1067.309844,322.323658,2.566653,71.288132,23905.627393,1183.240027,6.532000,0.052452,20.203532,2280.000000,33.819545,1217.050891,5.806905,5.984111,6.284908,5.683313,337.469596,0.979846,1208.115524,394.881930,1208.615524,906.618070,2.595985,68.374048,22961.359429,1189.994276,6.629000,0.054860,19.295353,2289.000000,32.483679,1234.795110,5.686523,6.464671,6.911495,6.017847,17.326231,0.972029,354.793358,510.446641,355.293358,791.053359,3.334086,69.730058,25769.395083,1240.162518,6.579000,0.051033,20.779047,2850.000000,36.456237,1316.017699,4.164035,5.154964,4.289148,6.020780,80.113596,0.879475,560.693527,638.845350,561.193527,662.654650,3.125440,70.219876,5211.535888,1187.224431,8.230000,0.222825,4.389680,1484.000000,7.372815,1230.308696,4.768390,3.776185,4.151826,3.400544,59.380087,-110.301839,1029.757077,630.699914,1030.257077,670.800086,2.693560,69.710412,10222.400177,1169.890814,7.596000,0.117645,8.737910,1478.000000,14.461738,1160.609462,5.931044,7.139294,7.681127,6.597461,38.309159,0.574767,1135.859533,521.264535,1136.359533,780.235465,2.626473,69.060989,11523.748517,1175.001107,7.330000,0.105418,9.807436,1622.000000,16.302769,1196.689414,5.690537,5.485405,6.157733,4.813078,335.261235,0.861845,795.084713,192.592390,795.584713,1108.907610,2.986142,67.889967,2668.844253,1202.293603,8.900000,0.403789,2.219794,1423.000000,3.775642,1270.723842,8.047128,10.228477,8.621011,11.835942,278.067947,0.898038,1069.424650,241.240296,1069.924650,1060.259704,2.747126,67.831510,42229.522321,1219.311554,5.945000,0.030905,34.633906,3512.000000,59.742553,1251.889982,4.877480,5.762894,6.248678,5.277110,11.287661,0.967133
17,r_rzcass_17_stacked.new,17.000000,0.000000,58935.894838,2458935.894838,NaN,NaN,0.000000,NaN,NaN,NaN,200.000000,NaN,NaN,7.302121,15.000000,15.000000,25.000000,0.218239,0.199989,0.186347,0.217838,0.038923,0.072234,0.087153,0.017499,0.418830,0.009009,0.010458,0.010262,0.011299,0.008121,0.008314,0.008505,0.008020,0.016663,24.224471,19.123175,18.158836,19.278639,4.792665,8.688093,10.247172,2.181793,25.135438,153571.888435,3388.776610,854.083952,550.490007,854.583952,751.009993,2.814691,69.635568,33515.432873,706.858347,1169.280463,6.282511,0.043919,28.663297,2353.000000,47.414638,1159.055950,1112.000000,5.686475,5.629918,6.332275,4.927560,352.710461,0.935556,1019.412846,943.113095,1019.912846,358.386905,2.566660,71.288476,25594.145335,1177.905527,6.532000,0.048853,21.728521,2464.000000,36.208309,1199.016309,5.763739,5.590754,6.963573,4.217936,357.324739,0.783587,1152.171310,357.207219,1152.671310,944.292781,2.595882,68.373970,24122.537773,1189.561152,6.629000,0.052263,20.278518,2367.000000,34.126410,1230.124682,5.191255,5.665755,6.117559,5.213951,21.192727,0.953965,299.695270,484.592562,300.195270,816.907438,3.334027,69.729825,27469.857674,1248.738782,6.579000,0.048267,21.998082,3094.000000,38.861899,1350.453379,4.281316,4.718394,4.787978,4.648809,39.566846,0.975532,508.002007,610.302576,508.502007,691.197424,3.125283,70.220298,5753.567565,1194.130966,8.230000,0.204759,4.818205,1554.000000,8.139633,1249.561479,4.482408,5.351781,6.746833,3.956729,17.531684,0.644297,977.314491,595.401865,977.814491,706.098135,2.693440,69.710309,10345.837006,1168.427633,7.596000,0.116176,8.854495,1482.000000,14.636365,1148.543046,5.845225,6.617728,6.023865,7.211592,52.151199,0.480583,1081.769717,484.553562,1082.269717,816.946438,2.626369,69.061027,12311.290306,1169.014234,7.330000,0.098490,10.531343,1663.000000,17.416913,1186.100957,6.183145,6.561179,7.615934,5.506424,0.961696,0.901661,735.211106,156.039296,735.711106,1145.460704,2.987603,67.869185,2641.147018,1209.271401,8.900000,0.409288,2.184081,1471.000000,3.736459,1293.804384,16.644331,12.665978,2.581877,22.750080,86.644045,0.037063,1011.249429,205.554767,1011.749429,1095.945233,2.747116,67.831795,45333.505759,1225.494879,5.945000,0.028961,36.991999,3954.000000,64.133791,1259.669065,5.352184,5.635087,5.915604,5.354571,7.464840,0.989435
18,r_rzcass_18_stacked.new,18.000000,0.000000,58935.903009,2458935.903009,NaN,NaN,0.000000,NaN,NaN,NaN,200.000000,NaN,NaN,6.493112,15.000000,15.000000,25.000000,0.229506,0.201729,0.191130,0.226548,0.033863,0.073415,0.083201,0.014861,0.417171,0.009574,0.011161,0.010800,0.012057,0.008605,0.008754,0.008798,0.008356,0.017308,23.972166,18.074919,17.697832,18.790079,3.935256,8.386493,9.456398,1.778429,24.102294,145943.512828,3378.327498,822.890250,668.023847,823.390250,633.476153,2.814615,69.633630,33494.922724,706.858347,1162.378329,6.227858,0.044372,28.815853,2269.000000,47.385622,1153.230166,1134.000000,5.724799,6.120839,6.758828,5.482850,359.581392,0.957462,990.249047,1060.072059,990.749047,241.427941,2.566422,71.287130,24498.860576,1196.205230,6.532000,0.051760,20.480483,2453.000000,34.658798,1233.385950,5.365848,5.717818,6.497339,4.938298,350.608593,0.920055,1119.976441,473.193666,1120.476441,828.306334,2.595844,68.372274,23418.224525,1176.681156,6.629000,0.053228,19.901929,2108.000000,33.130011,1198.005155,5.577732,6.364520,7.050010,5.679029,19.763318,0.923786,268.073167,605.614254,268.573167,695.885746,3.334149,69.729837,26956.266576,1245.780769,6.579000,0.049052,21.638050,2995.000000,38.135316,1348.282683,4.153495,6.036358,5.331272,6.741445,80.725738,0.940904,476.908746,729.955212,477.408746,571.544788,3.125368,70.219738,4780.228579,1210.013336,8.230000,0.244989,3.950559,1578.000000,6.762640,1259.920506,4.399703,5.018640,4.029872,6.007408,77.583626,-7.438627,946.346302,712.372785,946.846302,589.127215,2.693359,69.708875,9981.614888,1167.222665,7.596000,0.120072,8.551594,1477.000000,14.121096,1147.334278,5.909082,7.306203,6.423039,8.189366,59.188645,0.748656,1050.259610,600.810582,1050.759610,700.689418,2.626330,69.058868,11210.006488,1155.642586,7.330000,0.106528,9.700237,1535.000000,15.858915,1162.520761,6.223672,5.438583,5.703391,5.173774,331.421037,0.967909,702.526217,279.199193,703.026217,1022.300807,2.986396,67.889250,2137.052605,1200.735105,8.900000,0.484109,1.779787,1394.000000,3.023311,1251.118117,8.312135,7.408242,5.251425,9.565058,68.120997,-5.652978,978.325543,322.527137,978.825543,978.972863,2.746953,67.830494,42961.258591,1200.760535,5.945000,0.029930,35.778373,3567.000000,60.777748,1219.007055,5.469418,5.227763,5.639604,4.815922,13.456964,0.969162
19,r_rzcass_19_stacked.new,19.000000,0.000000,58935.909907,2458935.909907,NaN,NaN,0.000000,NaN,NaN,NaN,200.000000,NaN,NaN,6.443892,15.000000,15.000000,25.000000,0.235871,0.201429,0.185526,0.226760,0.034072,0.071726,0.089353,0.016617,0.413949,0.009643,0.011202,0.010736,0.011986,0.008490,0.008733,0.008949,0.008293,0.017230,24.459605,17.981746,17.280323,18.919221,4.013074,8.213411,9.984243,2.003743,24.025213,145807.322150,3372.589267,871.205716,673.630393,871.705716,627.869607,2.814731,69.633656,34391.665601,706.858347,1159.392975,6.198159,0.043506,29.663510,2292.000000,48.654254,1144.467601,1099.000000,5.763876,6.248535,6.879898,5.617172,354.784121,0.958627,1035.092105,1067.131392,1035.592105,234.368608,2.566530,71.287271,24445.717024,1202.211793,6.532000,0.052124,20.333952,2638.000000,34.583615,1237.342756,5.402576,5.707827,6.391573,5.024080,348.402097,0.933969,1170.085107,481.551153,1170.585107,819.948847,2.595911,68.372222,22817.778421,1183.333046,6.629000,0.054895,19.282634,2177.000000,32.280553,1205.599826,5.986761,6.120564,6.583701,5.657427,30.276507,0.906312,317.504746,606.161285,318.004746,695.338715,3.334127,69.729986,26951.667549,1234.026344,6.579000,0.048608,21.840431,2817.000000,38.128810,1322.514431,3.909677,5.905979,5.696172,6.115785,61.228783,0.982518,524.936632,732.421992,525.436632,569.078008,3.125424,70.220098,4804.242028,1192.312186,8.230000,0.240692,4.029349,1544.000000,6.796612,1239.625654,4.387705,5.192538,7.662663,2.722414,274.335676,0.384068,994.346051,719.081198,994.846051,582.418802,2.693392,69.708665,9758.301731,1166.210163,7.596000,0.122569,8.367533,1458.000000,13.805173,1151.959963,5.807298,5.871682,5.618101,6.125263,48.858560,0.587797,1099.169858,608.500278,1099.669858,692.999722,2.626438,69.058785,11959.710352,1163.988583,7.330000,0.100839,10.274766,1534.000000,16.919529,1171.430079,6.278798,7.265686,6.858276,7.673097,283.468324,0.984275,754.630414,283.823089,755.130414,1017.676911,2.986261,67.889265,2383.219432,1188.226988,8.900000,0.439200,2.005694,1379.000000,3.371566,1239.343669,8.378974,3.922490,1.590139,6.254840,62.151138,-1.430468,1029.810446,329.597261,1030.310446,971.902739,2.746983,67.830375,42686.685614,1207.286114,5.945000,0.030281,35.357555,3745.000000,60.389307,1218.044586,5.586255,5.667620,6.436224,4.899015,7.268316,0.924300
20,r_rzcass_20_stacked.new,20.000000,0.000000,58935.917361,2458935.917361,NaN,NaN,0.000000,NaN,NaN,NaN,200.000000,NaN,NaN,6.353336,15.000000,15.000000,25.000000,0.234846,0.200755,0.183689,0.219287,0.036272,0.072974,0.090745,0.018990,0.414292,0.009497,0.010968,0.010496,0.011610,0.008319,0.008596,0.008810,0.008139,0.016989,24.729434,18.303537,17.500204,18.887624,4.359944,8.489764,10.300777,2.333304,24.386212,148251.555799,3367.190808,891.879918,668.942232,892.379918,632.557768,2.814799,69.633900,34816.346119,706.858347,1164.832787,6.202884,0.043040,29.889566,2222.000000,49.255054,1138.523636,1057.000000,5.867204,6.138245,6.018611,6.257880,298.072396,0.995108,1054.893138,1063.103481,1055.393138,238.396519,2.566560,71.287419,24786.322716,1197.780904,6.532000,0.051239,20.693536,2615.000000,35.065474,1233.988666,5.295187,5.509457,6.727350,4.291564,8.974661,0.803682,1191.039899,477.537422,1191.539899,823.962578,2.595954,68.372398,23006.230619,1180.114612,6.629000,0.054312,19.494912,2208.000000,32.547158,1206.662382,5.917412,5.708122,6.250994,5.165251,8.761151,0.960924,338.667601,600.175806,339.167601,701.324194,3.334164,69.730017,26662.802523,1233.161908,6.579000,0.049089,21.621494,2819.000000,37.720149,1310.661179,4.333096,5.568222,5.014700,6.121744,83.593382,0.959238,545.631847,726.863315,546.131847,574.636685,3.125491,70.219909,5189.137880,1184.680922,8.230000,0.223261,4.380199,1529.000000,7.341128,1228.674720,4.596904,3.904505,3.042897,4.766113,59.269101,-23.737719,1014.840082,714.706930,1015.340082,586.793070,2.693485,69.709026,10082.741522,1165.044251,7.596000,0.118721,8.654385,1475.000000,14.264161,1150.212825,5.779371,6.336810,6.346285,6.327335,44.867615,0.581204,1119.927994,604.337801,1120.427994,697.162199,2.626463,69.059024,12333.814885,1162.520482,7.330000,0.097796,10.609546,1569.000000,17.448779,1173.208696,6.123610,6.139711,6.429645,5.849778,20.357455,0.984543,777.080554,279.410927,777.580554,1022.089073,2.985559,67.890783,2762.824076,1182.567920,8.900000,0.386842,2.336292,1372.000000,3.908597,1233.951613,7.832383,9.601483,6.256854,12.946112,74.247114,0.468965,1051.172348,325.324848,1051.672348,976.175152,2.747007,67.830507,43427.681577,1216.231189,5.945000,0.029989,35.706765,3458.000000,61.437602,1217.139073,4.990967,5.684040,6.482466,4.885615,7.886328,0.918044
21,r_rzcass_21_stacked.new,21.000000,0.000000,58935.923970,2458935.923970,NaN,NaN,0.000000,NaN,NaN,NaN,200.000000,NaN,NaN,6.637747,15.000000,15.000000,25.000000,0.236282,0.201587,0.188221,0.212362,0.036980,0.074171,0.087468,0.018215,0.419709,0.009384,0.010884,0.010507,0.011308,0.008237,0.008520,0.008642,0.008091,0.016953,25.179444,18.520718,17.914432,18.779048,4.489488,8.705106,10.121716,2.251262,24.757848,149466.746809,3358.125664,896.185910,661.285519,896.685910,640.214481,2.814789,69.633870,35316.350696,706.858347,1156.573077,6.196265,0.042286,30.535339,2258.000000,49.962416,1134.891534,1101.000000,5.892870,5.881642,6.468250,5.295033,4.754430,0.959897,1059.870567,1055.085591,1060.370567,246.414409,2.566525,71.287382,25075.643929,1197.112700,6.532000,0.050634,20.946770,2637.000000,35.474779,1229.043020,5.212473,6.187183,6.629735,5.744631,354.049455,0.978843,1195.097271,469.316003,1195.597271,832.183997,2.595958,68.372508,23676.378641,1181.817966,6.629000,0.052886,20.033863,2187.000000,33.495224,1205.685393,5.499239,6.276266,6.529175,6.023356,30.377788,0.972874,342.822067,593.506294,343.322067,707.993706,3.334143,69.729837,26181.123354,1225.934092,6.579000,0.049685,21.356061,2885.000000,37.038713,1306.839966,4.327221,4.251243,2.237315,6.265172,87.889326,0.397972,550.092594,719.805473,550.592594,581.694527,3.125413,70.219648,5330.236459,1181.566210,8.230000,0.217387,4.511162,1533.000000,7.540742,1224.066151,4.440061,4.615958,3.982084,5.249831,66.054545,0.838393,1019.229515,706.835940,1019.729515,594.664060,2.693473,69.709068,10320.618910,1162.324744,7.596000,0.115869,8.879290,1458.000000,14.600689,1147.546630,5.981404,7.104791,6.860287,7.349295,48.725374,0.718942,1124.184004,596.252046,1124.684004,705.247954,2.626440,69.058985,12022.057609,1155.284218,7.330000,0.099623,10.406147,1565.000000,17.007732,1172.333895,6.012320,6.207927,5.782049,6.633805,290.656295,0.966945,779.830551,270.261142,780.330551,1031.238858,2.986585,67.883755,2673.794365,1186.307681,8.900000,0.398677,2.253879,1389.000000,3.782645,1233.466724,11.287945,9.045161,4.212895,13.877427,272.232587,0.304838,1054.975514,317.338448,1055.475514,984.161552,2.747014,67.830685,44186.893541,1206.323337,5.945000,0.029244,36.629395,3667.000000,62.511667,1215.616712,4.732851,5.652742,5.939638,5.365845,13.907869,0.986896
22,r_rzcass_22_stacked.new,22.000000,0.000000,58935.931586,2458935.931586,NaN,NaN,0.000000,NaN,NaN,NaN,200.000000,NaN,NaN,6.005884,15.000000,15.000000,25.000000,0.240045,0.197799,0.188993,0.217006,0.038715,0.071929,0.085796,0.018146,0.421236,0.009615,0.010955,0.010648,0.011586,0.008376,0.008648,0.008829,0.008221,0.017275,24.965248,18.055845,17.749676,18.730688,4.621960,8.317830,9.717178,2.207180,24.383827,146898.779380,3353.380817,898.819268,652.879284,899.319268,648.620716,2.814779,69.634180,35262.362690,706.858347,1160.634064,6.179110,0.042641,30.381982,2202.000000,49.886038,1133.726126,1109.000000,5.888441,6.377605,6.628466,6.126745,2.967759,0.993764,1063.272983,1046.132107,1063.772983,255.367893,2.566570,71.287448,24258.236679,1191.907132,6.532000,0.052078,20.352455,2640.000000,34.318385,1224.998267,5.255369,5.269908,6.213715,4.326102,354.710527,0.875351,1197.216617,460.374994,1197.716617,841.125006,2.595977,68.372596,23349.893894,1173.939803,6.629000,0.053259,19.890197,2162.000000,33.033343,1205.318865,5.585017,6.656926,7.043954,6.269898,28.312057,0.955625,345.473444,586.055939,345.973444,715.444061,3.334123,69.729943,26193.713980,1223.336672,6.579000,0.049559,21.411697,2768.000000,37.056525,1302.022823,3.920739,4.931801,4.169467,5.694135,81.786854,0.900911,552.911042,711.921649,553.411042,589.578351,3.125458,70.219677,5475.197188,1178.352932,8.230000,0.211634,4.646483,1496.000000,7.745820,1220.019641,4.754420,5.103575,4.637785,5.569365,65.510608,0.923927,1021.886116,698.072292,1022.386116,603.427708,2.693531,69.708887,9857.281329,1163.284993,7.596000,0.121117,8.473660,1456.000000,13.945200,1146.907993,5.967656,6.172381,6.367483,5.977280,43.054450,0.133881,1126.559049,587.430258,1127.059049,714.069742,2.626487,69.059259,11607.481757,1163.657650,7.330000,0.103729,9.974997,1569.000000,16.421228,1171.854258,5.891257,6.590291,6.715719,6.464862,328.275082,0.992753,781.882088,264.505425,782.382088,1036.994575,2.985971,67.894899,2618.088215,1184.802097,8.900000,0.405324,2.209726,1390.000000,3.703837,1232.792777,4.520594,4.661045,4.096518,5.225572,49.402356,-1.432486,1056.782833,308.642579,1057.282833,992.857421,2.747034,67.830491,43538.886338,1204.255071,5.945000,0.029623,36.154206,3512.000000,61.594924,1215.307484,5.631717,5.558502,6.070355,5.046648,7.680558,0.964133
